{"noiseKey":{"private":{"type":"Buffer","data":"aAkfDKWbUaY2z2xRJqYO1vDUamTyhPlrnT4ZyBplR0o="},"public":{"type":"Buffer","data":"r4cCgeGqDTobfEjh1pqcyIsD3teP6WY/UMkTqnmYUBY="}},"pairingEphemeralKeyPair":{"private":{"type":"Buffer","data":"6Oa4w8vXZ8VRHMVeGiVlGFkFMYL/RLZjUCLn/kJXUH4="},"public":{"type":"Buffer","data":"8tkxwDyjlcBUUVBupllX87KT7nXtfX+9+Kiw28seS2Y="}},"signedIdentityKey":{"private":{"type":"Buffer","data":"KLCfyZqOhMf7kkUHqa7tgq0R07N9qflJ59kT6gAXrHo="},"public":{"type":"Buffer","data":"Dav1zmnS4bQXs530WhToXkqLx0uNHVz9WjxG2wZe3xM="}},"signedPreKey":{"keyPair":{"private":{"type":"Buffer","data":"aFHtpXMq6gH7rwXNOUjy7VKcXZcl93m1+m31c9TNu2g="},"public":{"type":"Buffer","data":"oaByj3JpVfI9lszIfY853ISPydW4aimu5BT2SD/xfWM="}},"signature":{"type":"Buffer","data":"UzCG3V4xWvqlN/QzlF5prvYqiyDrnrq4wCsPz2R8aVJGgHG6sU6y01MbmHTzwBcjKr/i1T0WEypmG12oAgd+jQ=="},"keyId":1},"registrationId":242,"advSecretKey":"Zk2icDP0PK/6cMqyfOxGUEltww/+A0igbzxEzEg5b5U=","processedHistoryMessages":[{"key":{"remoteJid":"94752506577@s.whatsapp.net","fromMe":true,"id":"4D132E27DF10C3385D8AD7D37E3F057A"},"messageTimestamp":1702355421},{"key":{"remoteJid":"94752506577@s.whatsapp.net","fromMe":true,"id":"E1166FEA40A7ED76D066F0EEFC7A9EC0"},"messageTimestamp":1702355421}],"nextPreKeyId":31,"firstUnuploadedPreKeyId":31,"accountSyncCounter":1,"accountSettings":{"unarchiveChats":false},"deviceId":"sWX0z-7bQJ2G2Jn6bjTcKw","phoneId":"05bc1357-3e8a-4231-a63f-d5e5c74f1bab","identityId":{"type":"Buffer","data":"0mAdC9NIVj3wZU2HotAydWPoBQQ="},"registered":false,"backupToken":{"type":"Buffer","data":"KvW3CcdaZDInGNP/PgYMNUkpp6s="},"registration":{},"account":{"details":"CKz3+dMCENjD36sGGAEgACgA","accountSignatureKey":"8PZWc2BtBS0o0BRI2/18sBZMqEHpzk5dOqerA82Y7x0=","accountSignature":"ZJhgSUuGXRERO0n+z0NhJ0C/Q+muOuJomA8YBh8X0stO7Mm+GE/4JNLD4liPYlCR5/UbzyOw8VxUacUO6Xo/Ag==","deviceSignature":"OVj/M9gJLbdwH73rW2cG2lW6qhHUgh80ggOvVZfIaHdClDO66mFVzKZanxZmkVRIxIof87hcQ3UWY4Ba2ZEGgg=="},"me":{"id":"94752506577:1@s.whatsapp.net","name":"..........Lion..........."},"signalIdentities":[{"identifier":{"name":"94752506577:1@s.whatsapp.net","deviceId":0},"identifierKey":{"type":"Buffer","data":"BfD2VnNgbQUtKNAUSNv9fLAWTKhB6c5OXTqnqwPNmO8d"}}],"platform":"android","lastAccountSyncTimestamp":1702355418,"myAppStateKeyId":"AAAAAHJr"}