{"_sessions":{"Bca0HU0PF0+04hkwvT3HzbbJ3NHgqMCaqzTtnNW+YctV":{"registrationId":544299780,"currentRatchet":{"ephemeralKeyPair":{"pubKey":"Bdp5lZ0pttm/hHS3aSSB25kLLxNi5fRVer5EvJgtl78f","privKey":"ME4qTUoA53z0sTUKV0sTLYWWovttccy71zNjB0BRHFI="},"lastRemoteEphemeralKey":"BY6ccHDnXcy+OtwzKW7YqJxe12dWBPzIuB6DnbKIurJU","previousCounter":0,"rootKey":"p+6MnTwUVdACsbUNig30zypg4Yvpu5SbWKRaoBROBgI="},"indexInfo":{"baseKey":"Bca0HU0PF0+04hkwvT3HzbbJ3NHgqMCaqzTtnNW+YctV","baseKeyType":2,"closed":-1,"used":1702355420041,"created":1702355420041,"remoteIdentityKey":"BfD2VnNgbQUtKNAUSNv9fLAWTKhB6c5OXTqnqwPNmO8d"},"_chains":{"BY6ccHDnXcy+OtwzKW7YqJxe12dWBPzIuB6DnbKIurJU":{"chainKey":{"counter":5,"key":"AwPIj2dI0L9pXHCO9GRWekL+A/Xcq1be7Sn3+X0tOLg="},"chainType":2,"messageKeys":{}},"Bdp5lZ0pttm/hHS3aSSB25kLLxNi5fRVer5EvJgtl78f":{"chainKey":{"counter":3,"key":"LYryJzLkbIUPx0TfZaJlZ0VUQ3C8E8ibTiJ6w33kK54="},"chainType":1,"messageKeys":{}}}}},"version":"v1"}